-- Oracle queries
-- Create mock OT database with LINKS, STORES, OUTLET_SALES, ORDER_DESCRIPTIONS, ORDERS, PERMISSIONS, DEPARTMENTS, ORDER_STATUSES, OUTLETS, and PRODUCTS tables
DROP TABLE "OT"."LINKS" ;
DROP TABLE "OT"."STORES" ;
DROP TABLE "OT"."OUTLET_SALES";
DROP TABLE "OT"."ORDER_DESCRIPTIONS" ;
DROP TABLE "OT"."ORDERS" ;
DROP TABLE "OT"."PERMISSIONS" ;
DROP TABLE "OT"."DEPARTMENTS" ;
DROP TABLE "OT"."ORDER_STATUSES" ;
DROP TABLE "OT"."OUTLETS" ;
DROP TABLE "OT"."PRODUCTS" ;

CREATE TABLE "OT"."DEPARTMENTS" 
(	"DEPT_NO" VARCHAR2(50 CHAR) NOT NULL ENABLE, 
	"DEPT_NAME" VARCHAR2(50 CHAR) NOT NULL ENABLE, 
	"DEPT_CODE" CHAR(3 CHAR) NOT NULL ENABLE, 
	 CONSTRAINT "PK_DEPARTMENTS" PRIMARY KEY ("DEPT_NO")
  USING INDEX PCTFREE 10 INITRANS 2 MAXTRANS 255 
  STORAGE(INITIAL 65536 NEXT 1048576 MINEXTENTS 1 MAXEXTENTS 2147483645
  PCTINCREASE 0 FREELISTS 1 FREELIST GROUPS 1
  BUFFER_POOL DEFAULT FLASH_CACHE DEFAULT CELL_FLASH_CACHE DEFAULT)
  TABLESPACE "USERS"  ENABLE
) 
SEGMENT CREATION IMMEDIATE 
PCTFREE 10 PCTUSED 40 INITRANS 1 MAXTRANS 255 
NOCOMPRESS LOGGING
STORAGE(INITIAL 65536 NEXT 1048576 MINEXTENTS 1 MAXEXTENTS 2147483645
PCTINCREASE 0 FREELISTS 1 FREELIST GROUPS 1
BUFFER_POOL DEFAULT FLASH_CACHE DEFAULT CELL_FLASH_CACHE DEFAULT)
TABLESPACE "USERS" ;

INSERT INTO "OT"."DEPARTMENTS" (DEPT_NO, DEPT_NAME, DEPT_CODE)
VALUES ('D3', 'Management Information System', 'MIS') ;
INSERT INTO "OT"."DEPARTMENTS" (DEPT_NO, DEPT_NAME, DEPT_CODE)
VALUES ('D1', 'Finance and Accounting', 'FAA') ;
INSERT INTO "OT"."DEPARTMENTS" (DEPT_NO, DEPT_NAME, DEPT_CODE)
VALUES ('D2', 'Sales and Marketing', 'SAM') ;

CREATE TABLE "OT"."ORDER_STATUSES" 
(	"STATUS_NO" NUMBER(*,0) NOT NULL ENABLE, 
	"STATUS" VARCHAR2(50 CHAR) NOT NULL ENABLE, 
	 CONSTRAINT "PK_ORDER_STATUSES" PRIMARY KEY ("STATUS_NO")
  USING INDEX PCTFREE 10 INITRANS 2 MAXTRANS 255 
  STORAGE(INITIAL 65536 NEXT 1048576 MINEXTENTS 1 MAXEXTENTS 2147483645
  PCTINCREASE 0 FREELISTS 1 FREELIST GROUPS 1
  BUFFER_POOL DEFAULT FLASH_CACHE DEFAULT CELL_FLASH_CACHE DEFAULT)
  TABLESPACE "USERS"  ENABLE
)
SEGMENT CREATION IMMEDIATE 
PCTFREE 10 PCTUSED 40 INITRANS 1 MAXTRANS 255 
NOCOMPRESS LOGGING
STORAGE(INITIAL 65536 NEXT 1048576 MINEXTENTS 1 MAXEXTENTS 2147483645
PCTINCREASE 0 FREELISTS 1 FREELIST GROUPS 1
BUFFER_POOL DEFAULT FLASH_CACHE DEFAULT CELL_FLASH_CACHE DEFAULT)
TABLESPACE "USERS" ;

INSERT INTO "OT"."ORDER_STATUSES" (STATUS_NO, STATUS)
VALUES ('1', 'Incomplete') ;
INSERT INTO "OT"."ORDER_STATUSES" (STATUS_NO, STATUS)
VALUES ('2', 'Pending') ;
INSERT INTO "OT"."ORDER_STATUSES" (STATUS_NO, STATUS)
VALUES ('3', 'Complete') ;
INSERT INTO "OT"."ORDER_STATUSES" (STATUS_NO, STATUS)
VALUES ('4', 'Shipping') ;

CREATE TABLE "OT"."OUTLETS" 
(	"OUTLET_NO" VARCHAR2(50 CHAR) NOT NULL ENABLE, 
	"OUTLET_NAME" VARCHAR2(100 CHAR) NOT NULL ENABLE, 
	"ADDRESS" VARCHAR2(200 CHAR) NOT NULL ENABLE, 
	"PHONE" VARCHAR2(50 CHAR), 
	 CONSTRAINT "PK_OUTLETS" PRIMARY KEY ("OUTLET_NO")
  USING INDEX PCTFREE 10 INITRANS 2 MAXTRANS 255 
  STORAGE(INITIAL 65536 NEXT 1048576 MINEXTENTS 1 MAXEXTENTS 2147483645
  PCTINCREASE 0 FREELISTS 1 FREELIST GROUPS 1
  BUFFER_POOL DEFAULT FLASH_CACHE DEFAULT CELL_FLASH_CACHE DEFAULT)
  TABLESPACE "USERS"  ENABLE
)
SEGMENT CREATION IMMEDIATE 
PCTFREE 10 PCTUSED 40 INITRANS 1 MAXTRANS 255 
NOCOMPRESS LOGGING
STORAGE(INITIAL 65536 NEXT 1048576 MINEXTENTS 1 MAXEXTENTS 2147483645
PCTINCREASE 0 FREELISTS 1 FREELIST GROUPS 1
BUFFER_POOL DEFAULT FLASH_CACHE DEFAULT CELL_FLASH_CACHE DEFAULT)
TABLESPACE "USERS" ;

INSERT INTO "OT"."OUTLETS" (OUTLET_NO, OUTLET_NAME, ADDRESS, PHONE)
VALUES ('U362', 'KK SUPER MART Terminal Bersepadu Selatan (TBS)', 'L3-4, Level 3, Terminal Bersepadu Selatan, Jalan Terminal Selatan, 53100 Bandar Tasik Selatan, Federal Territory of Kuala Lumpur', '+6016-330-8105') ;
INSERT INTO "OT"."OUTLETS" (OUTLET_NO, OUTLET_NAME, ADDRESS, PHONE)
VALUES ('U481', 'KK SUPER MART Desa Tun Razak (DTR)', '36, Jalan 10/118b, Desa Tun Razak, 56000 Kuala Lumpur, Wilayah Persekutuan Kuala Lumpur', '+6016-330-8465') ;
INSERT INTO "OT"."OUTLETS" (OUTLET_NO, OUTLET_NAME, ADDRESS, PHONE)
VALUES ('U719', 'KK SUPER MART Desa Petaling (DP)', '33, Jalan 3/125d, Desa Petaling, 57100 Kuala Lumpur, Wilayah Persekutuan Kuala Lumpur', '+6016-330-8137') ;

CREATE TABLE "OT"."PRODUCTS" 
(	"ITEM_NO" VARCHAR2(50 CHAR) NOT NULL ENABLE, 
	"LINE_NO" VARCHAR2(50 CHAR) NOT NULL ENABLE, 
	"CLASS_NO" VARCHAR2(50 CHAR) NOT NULL ENABLE, 
	"ITEM_NAME" VARCHAR2(100 CHAR) NOT NULL ENABLE, 
	"BARCODE" VARCHAR2(100 CHAR), 
	"UNIT_PRICE" NUMBER(5,2), 
	 CONSTRAINT "PK_PRODUCTS" PRIMARY KEY ("ITEM_NO")
  USING INDEX PCTFREE 10 INITRANS 2 MAXTRANS 255 
  STORAGE(INITIAL 65536 NEXT 1048576 MINEXTENTS 1 MAXEXTENTS 2147483645
  PCTINCREASE 0 FREELISTS 1 FREELIST GROUPS 1
  BUFFER_POOL DEFAULT FLASH_CACHE DEFAULT CELL_FLASH_CACHE DEFAULT)
  TABLESPACE "USERS"  ENABLE
) 
SEGMENT CREATION IMMEDIATE 
PCTFREE 10 PCTUSED 40 INITRANS 1 MAXTRANS 255 
NOCOMPRESS LOGGING
STORAGE(INITIAL 65536 NEXT 1048576 MINEXTENTS 1 MAXEXTENTS 2147483645
PCTINCREASE 0 FREELISTS 1 FREELIST GROUPS 1
BUFFER_POOL DEFAULT FLASH_CACHE DEFAULT CELL_FLASH_CACHE DEFAULT)
TABLESPACE "USERS" ;

INSERT INTO "OT"."PRODUCTS" (ITEM_NO, LINE_NO, CLASS_NO, ITEM_NAME, BARCODE, UNIT_PRICE)
VALUES ('D-FN-790599', '8085-LD', 'ZA5-I735', 'OREO Chocolate Cream', 'RwN-hXo-0917', 2.49) ;
INSERT INTO "OT"."PRODUCTS" (ITEM_NO, LINE_NO, CLASS_NO, ITEM_NAME, BARCODE, UNIT_PRICE)
VALUES ('P-UU-340554', '8085-LD', 'MW1-V915', 'GARDENIA Original Classic Enrich White', 'PnH-hHf-5140', 2.20) ;
INSERT INTO "OT"."PRODUCTS" (ITEM_NO, LINE_NO, CLASS_NO, ITEM_NAME, BARCODE, UNIT_PRICE)
VALUES ('U-GS-368677', '8085-LD', 'MW1-V915', 'MASSIMO White Sandwich Loaf', 'SnP-gNa-8795', 2.20) ;
INSERT INTO "OT"."PRODUCTS" (ITEM_NO, LINE_NO, CLASS_NO, ITEM_NAME, BARCODE, UNIT_PRICE)
VALUES ('W-IU-500179', '8323-TU', 'HX0-U319', 'REJOICE Shampoo', 'BhZ-tQv-3270', 8.99) ;
INSERT INTO "OT"."PRODUCTS" (ITEM_NO, LINE_NO, CLASS_NO, ITEM_NAME, BARCODE, UNIT_PRICE)
VALUES ('C-WF-655535', '7786-XK', 'XR0-Z946', 'GRABBIT Cloth Tape 24mm/5yards', 'VbM-kWx-5611', 2.90) ;

CREATE TABLE "OT"."PERMISSIONS" 
(	"ROLE_NO" NUMBER NOT NULL ENABLE, 
	"DEPT" VARCHAR2(50 CHAR) NOT NULL ENABLE, 
	"IN_CHARGE_OF" VARCHAR2(50 CHAR) NOT NULL ENABLE, 
	 CONSTRAINT "PK_PERMISSIONS" PRIMARY KEY ("ROLE_NO")
  USING INDEX PCTFREE 10 INITRANS 2 MAXTRANS 255 
  STORAGE(INITIAL 65536 NEXT 1048576 MINEXTENTS 1 MAXEXTENTS 2147483645
  PCTINCREASE 0 FREELISTS 1 FREELIST GROUPS 1
  BUFFER_POOL DEFAULT FLASH_CACHE DEFAULT CELL_FLASH_CACHE DEFAULT)
  TABLESPACE "USERS"  ENABLE, 
	 CONSTRAINT "FK_PERMISSIONS_DEPARTMENTS" FOREIGN KEY ("DEPT")
	  REFERENCES "OT"."DEPARTMENTS" ("DEPT_NO") ON DELETE CASCADE ENABLE, 
	 CONSTRAINT "FK_PERMISSIONS_OUTLETS" FOREIGN KEY ("IN_CHARGE_OF")
	  REFERENCES "OT"."OUTLETS" ("OUTLET_NO") ON DELETE CASCADE ENABLE
)
SEGMENT CREATION IMMEDIATE 
PCTFREE 10 PCTUSED 40 INITRANS 1 MAXTRANS 255 
NOCOMPRESS LOGGING
STORAGE(INITIAL 65536 NEXT 1048576 MINEXTENTS 1 MAXEXTENTS 2147483645
PCTINCREASE 0 FREELISTS 1 FREELIST GROUPS 1
BUFFER_POOL DEFAULT FLASH_CACHE DEFAULT CELL_FLASH_CACHE DEFAULT)
TABLESPACE "USERS" ;

INSERT INTO "OT"."PERMISSIONS" (ROLE_NO, DEPT, IN_CHARGE_OF)
VALUES (1, 'D3', 'U362') ;
INSERT INTO "OT"."PERMISSIONS" (ROLE_NO, DEPT, IN_CHARGE_OF)
VALUES (2, 'D3', 'U481') ;
INSERT INTO "OT"."PERMISSIONS" (ROLE_NO, DEPT, IN_CHARGE_OF)
VALUES (3, 'D3', 'U719') ;
INSERT INTO "OT"."PERMISSIONS" (ROLE_NO, DEPT, IN_CHARGE_OF)
VALUES (4, 'D1', 'U481') ;
INSERT INTO "OT"."PERMISSIONS" (ROLE_NO, DEPT, IN_CHARGE_OF)
VALUES (5, 'D2', 'U719') ;
INSERT INTO "OT"."PERMISSIONS" (ROLE_NO, DEPT, IN_CHARGE_OF)
VALUES (6, 'D2', 'U362') ;

CREATE TABLE "OT"."ORDERS" 
(	"ORDER_NO" VARCHAR2(50 CHAR) NOT NULL ENABLE, 
	"SUPPLIER_NO" VARCHAR2(50 CHAR) NOT NULL ENABLE,
    "OUTLET" VARCHAR2(50 CHAR) NOT NULL ENABLE,
	"STATUS_CODE" NUMBER NOT NULL ENABLE, 
	"QUANTITY" NUMBER NOT NULL ENABLE, 
	"ORDER_DATE" DATE NOT NULL ENABLE, 
	 CONSTRAINT "PK_ORDERS" PRIMARY KEY ("ORDER_NO")
  USING INDEX PCTFREE 10 INITRANS 2 MAXTRANS 255 
  STORAGE(INITIAL 65536 NEXT 1048576 MINEXTENTS 1 MAXEXTENTS 2147483645
  PCTINCREASE 0 FREELISTS 1 FREELIST GROUPS 1
  BUFFER_POOL DEFAULT FLASH_CACHE DEFAULT CELL_FLASH_CACHE DEFAULT)
  TABLESPACE "USERS"  ENABLE, 
	 CONSTRAINT "FK_ORDERS_ORDER_STATUSES" FOREIGN KEY ("STATUS_CODE")
	  REFERENCES "OT"."ORDER_STATUSES" ("STATUS_NO") ON DELETE CASCADE ENABLE, 
     CONSTRAINT "FK_ORDERS_OUTLETS" FOREIGN KEY ("OUTLET")
	  REFERENCES "OT"."OUTLETS" ("OUTLET_NO") ON DELETE CASCADE ENABLE
) 
SEGMENT CREATION IMMEDIATE 
PCTFREE 10 PCTUSED 40 INITRANS 1 MAXTRANS 255 
NOCOMPRESS LOGGING
STORAGE(INITIAL 65536 NEXT 1048576 MINEXTENTS 1 MAXEXTENTS 2147483645
PCTINCREASE 0 FREELISTS 1 FREELIST GROUPS 1
BUFFER_POOL DEFAULT FLASH_CACHE DEFAULT CELL_FLASH_CACHE DEFAULT)
TABLESPACE "USERS" ;

INSERT INTO "OT"."ORDERS" (ORDER_NO, SUPPLIER_NO, OUTLET, STATUS_CODE, QUANTITY, ORDER_DATE)
VALUES ('120-97-4862', 'Z-1624', 'U362', 4, 50, '15-MAR-22') ;
INSERT INTO "OT"."ORDERS" (ORDER_NO, SUPPLIER_NO, OUTLET, STATUS_CODE, QUANTITY, ORDER_DATE)
VALUES ('021-72-8093', 'F-2605', 'U362', 2, 150, '31-MAR-22') ;
INSERT INTO "OT"."ORDERS" (ORDER_NO, SUPPLIER_NO, OUTLET, STATUS_CODE, QUANTITY, ORDER_DATE)
VALUES ('352-89-1279', 'T-9903', 'U719', 1, 90, '7-APR-22') ;
INSERT INTO "OT"."ORDERS" (ORDER_NO, SUPPLIER_NO, OUTLET, STATUS_CODE, QUANTITY, ORDER_DATE)
VALUES ('792-03-4547', 'T-9903', 'U719', 3, 90, '7-APR-22') ;

CREATE TABLE "OT"."ORDER_DESCRIPTIONS" 
(	"ORDER_NO" VARCHAR2(50 CHAR) NOT NULL ENABLE, 
	"DESCRIPTION" CLOB, 
	 CONSTRAINT "PK_ORDER_DESCRIPTIONS" PRIMARY KEY ("ORDER_NO")
  USING INDEX PCTFREE 10 INITRANS 2 MAXTRANS 255 
  STORAGE(INITIAL 65536 NEXT 1048576 MINEXTENTS 1 MAXEXTENTS 2147483645
  PCTINCREASE 0 FREELISTS 1 FREELIST GROUPS 1
  BUFFER_POOL DEFAULT FLASH_CACHE DEFAULT CELL_FLASH_CACHE DEFAULT)
  TABLESPACE "USERS"  ENABLE, 
	 CONSTRAINT "FK_ORDER_DESCRIPTIONS_ORDERS" FOREIGN KEY ("ORDER_NO")
	  REFERENCES "OT"."ORDERS" ("ORDER_NO") ON DELETE CASCADE ENABLE
)
SEGMENT CREATION IMMEDIATE 
PCTFREE 10 PCTUSED 40 INITRANS 1 MAXTRANS 255 
NOCOMPRESS LOGGING
STORAGE(INITIAL 65536 NEXT 1048576 MINEXTENTS 1 MAXEXTENTS 2147483645
PCTINCREASE 0 FREELISTS 1 FREELIST GROUPS 1
BUFFER_POOL DEFAULT FLASH_CACHE DEFAULT CELL_FLASH_CACHE DEFAULT)
TABLESPACE "USERS" ;

INSERT INTO "OT"."ORDER_DESCRIPTIONS" (ORDER_NO, DESCRIPTION)
VALUES ('120-97-4862', 'Further update is required') ;
INSERT INTO "OT"."ORDER_DESCRIPTIONS" (ORDER_NO, DESCRIPTION)
VALUES ('021-72-8093', 'Close transaction and disclose issue') ;
INSERT INTO "OT"."ORDER_DESCRIPTIONS" (ORDER_NO, DESCRIPTION)
VALUES ('352-89-1279', 'Close order and refund') ;
INSERT INTO "OT"."ORDER_DESCRIPTIONS" (ORDER_NO, DESCRIPTION)
VALUES ('792-03-4547', 'Receipt: RM 550.89 90 (QTY)') ;

CREATE TABLE "OT"."OUTLET_SALES" 
(	"SALES_NO" NUMBER NOT NULL ENABLE, 
	"QUANTITY_SOLD" NUMBER, 
	"SALES_DATE" DATE NOT NULL ENABLE, 
	"OUTLET" VARCHAR2(50 BYTE) NOT NULL ENABLE, 
	"ITEM" VARCHAR2(50 CHAR) NOT NULL ENABLE, 
	 CONSTRAINT "PK_OUTLET_SALES" PRIMARY KEY ("SALES_NO")
  USING INDEX PCTFREE 10 INITRANS 2 MAXTRANS 255 
  STORAGE(INITIAL 65536 NEXT 1048576 MINEXTENTS 1 MAXEXTENTS 2147483645
  PCTINCREASE 0 FREELISTS 1 FREELIST GROUPS 1
  BUFFER_POOL DEFAULT FLASH_CACHE DEFAULT CELL_FLASH_CACHE DEFAULT)
  TABLESPACE "USERS"  ENABLE, 
	 CONSTRAINT "FK_OUTLET_SALES_OUTLETS" FOREIGN KEY ("OUTLET")
	  REFERENCES "OT"."OUTLETS" ("OUTLET_NO") ON DELETE CASCADE ENABLE, 
	 CONSTRAINT "FK_OUTLET_SALES_PRODUCTS" FOREIGN KEY ("ITEM")
	  REFERENCES "OT"."PRODUCTS" ("ITEM_NO") ON DELETE CASCADE ENABLE
)
SEGMENT CREATION IMMEDIATE 
PCTFREE 10 PCTUSED 40 INITRANS 1 MAXTRANS 255 
NOCOMPRESS LOGGING
STORAGE(INITIAL 65536 NEXT 1048576 MINEXTENTS 1 MAXEXTENTS 2147483645
PCTINCREASE 0 FREELISTS 1 FREELIST GROUPS 1
BUFFER_POOL DEFAULT FLASH_CACHE DEFAULT CELL_FLASH_CACHE DEFAULT)
TABLESPACE "USERS" ;

INSERT INTO "OT"."OUTLET_SALES" (SALES_NO, QUANTITY_SOLD, SALES_DATE, OUTLET, ITEM)
VALUES (1, 12, '01-APR-22', 'U362', 'P-UU-340554') ;
INSERT INTO "OT"."OUTLET_SALES" (SALES_NO, QUANTITY_SOLD, SALES_DATE, OUTLET, ITEM)
VALUES (2, 25, '01-APR-22', 'U362', 'W-IU-500179') ;
INSERT INTO "OT"."OUTLET_SALES" (SALES_NO, QUANTITY_SOLD, SALES_DATE, OUTLET, ITEM)
VALUES (3, 50, '06-APR-22', 'U481', 'D-FN-790599') ;
INSERT INTO "OT"."OUTLET_SALES" (SALES_NO, QUANTITY_SOLD, SALES_DATE, OUTLET, ITEM)
VALUES (4, 100, '07-APR-22', 'U481', 'U-GS-368677') ;
INSERT INTO "OT"."OUTLET_SALES" (SALES_NO, QUANTITY_SOLD, SALES_DATE, OUTLET, ITEM)
VALUES (5, 10, '08-APR-22', 'U481', 'P-UU-340554') ;
INSERT INTO "OT"."OUTLET_SALES" (SALES_NO, QUANTITY_SOLD, SALES_DATE, OUTLET, ITEM)
VALUES (6, 35, '03-APR-22', 'U719', 'C-WF-655535') ;
INSERT INTO "OT"."OUTLET_SALES" (SALES_NO, QUANTITY_SOLD, SALES_DATE, OUTLET, ITEM)
VALUES (7, 40, '08-APR-22', 'U719', 'W-IU-500179') ;

CREATE TABLE "OT"."STORES" 
(	"OUTLET_NO" VARCHAR2(50 CHAR) NOT NULL ENABLE, 
	"STOCK" NUMBER, 
	"LAST_STOCK_IN" DATE NOT NULL ENABLE, 
	 CONSTRAINT "PK_STORES" PRIMARY KEY ("OUTLET_NO")
  USING INDEX PCTFREE 10 INITRANS 2 MAXTRANS 255 
  STORAGE(INITIAL 65536 NEXT 1048576 MINEXTENTS 1 MAXEXTENTS 2147483645
  PCTINCREASE 0 FREELISTS 1 FREELIST GROUPS 1
  BUFFER_POOL DEFAULT FLASH_CACHE DEFAULT CELL_FLASH_CACHE DEFAULT)
  TABLESPACE "USERS"  ENABLE, 
	 CONSTRAINT "FK_STORES_OUTLETS" FOREIGN KEY ("OUTLET_NO")
	  REFERENCES "OT"."OUTLETS" ("OUTLET_NO") ON DELETE CASCADE ENABLE
) 
SEGMENT CREATION IMMEDIATE 
PCTFREE 10 PCTUSED 40 INITRANS 1 MAXTRANS 255 
NOCOMPRESS LOGGING
STORAGE(INITIAL 65536 NEXT 1048576 MINEXTENTS 1 MAXEXTENTS 2147483645
PCTINCREASE 0 FREELISTS 1 FREELIST GROUPS 1
BUFFER_POOL DEFAULT FLASH_CACHE DEFAULT CELL_FLASH_CACHE DEFAULT)
TABLESPACE "USERS" ;

INSERT INTO "OT"."STORES" (OUTLET_NO, STOCK, LAST_STOCK_IN)
VALUES ('U362', 500, '25-MAR-22') ;
INSERT INTO "OT"."STORES" (OUTLET_NO, STOCK, LAST_STOCK_IN)
VALUES ('U481', 100, '01-MAR-22') ;
INSERT INTO "OT"."STORES" (OUTLET_NO, STOCK, LAST_STOCK_IN)
VALUES ('U719', 250, '01-APR-22') ;

CREATE TABLE "OT"."LINKS" 
(	"LINK_NO" NUMBER NOT NULL ENABLE, 
	"ITEM_STOCK" NUMBER, 
	"FROM_ID" VARCHAR2(50 CHAR) NOT NULL ENABLE, 
	"TO_ID" VARCHAR2(50 CHAR) NOT NULL ENABLE, 
	 CONSTRAINT "PK_LINKS" PRIMARY KEY ("LINK_NO")
  USING INDEX PCTFREE 10 INITRANS 2 MAXTRANS 255 
  TABLESPACE "USERS"  ENABLE, 
	 CONSTRAINT "FK_LINKS_PRODUCTS" FOREIGN KEY ("FROM_ID")
	  REFERENCES "OT"."PRODUCTS" ("ITEM_NO") ON DELETE CASCADE ENABLE, 
	 CONSTRAINT "FK_LINKS_OUTLETS" FOREIGN KEY ("TO_ID")
	  REFERENCES "OT"."OUTLETS" ("OUTLET_NO") ENABLE
) 
SEGMENT CREATION IMMEDIATE 
PCTFREE 10 PCTUSED 40 INITRANS 1 MAXTRANS 255 
NOCOMPRESS LOGGING
STORAGE(INITIAL 65536 NEXT 1048576 MINEXTENTS 1 MAXEXTENTS 2147483645
PCTINCREASE 0 FREELISTS 1 FREELIST GROUPS 1
BUFFER_POOL DEFAULT FLASH_CACHE DEFAULT CELL_FLASH_CACHE DEFAULT)
TABLESPACE "USERS" ;

INSERT INTO "OT"."LINKS" (LINK_NO, ITEM_STOCK, FROM_ID, TO_ID)
VALUES (1, 130, 'D-FN-790599', 'U362') ;
INSERT INTO "OT"."LINKS" (LINK_NO, ITEM_STOCK, FROM_ID, TO_ID)
VALUES (2, 20, 'P-UU-340554', 'U362') ;
INSERT INTO "OT"."LINKS" (LINK_NO, ITEM_STOCK, FROM_ID, TO_ID)
VALUES (3, 150, 'W-IU-500179', 'U362') ;
INSERT INTO "OT"."LINKS" (LINK_NO, ITEM_STOCK, FROM_ID, TO_ID)
VALUES (4, 180, 'W-IU-500179', 'U362') ;
INSERT INTO "OT"."LINKS" (LINK_NO, ITEM_STOCK, FROM_ID, TO_ID)
VALUES (5, 20, 'U-GS-368677', 'U362') ;
INSERT INTO "OT"."LINKS" (LINK_NO, ITEM_STOCK, FROM_ID, TO_ID)
VALUES (6, 20, 'U-GS-368677', 'U481') ;
INSERT INTO "OT"."LINKS" (LINK_NO, ITEM_STOCK, FROM_ID, TO_ID)
VALUES (7, 40, 'D-FN-790599', 'U481') ;
INSERT INTO "OT"."LINKS" (LINK_NO, ITEM_STOCK, FROM_ID, TO_ID)
VALUES (8, 40, 'P-UU-340554', 'U481') ;
INSERT INTO "OT"."LINKS" (LINK_NO, ITEM_STOCK, FROM_ID, TO_ID)
VALUES (9, 150, 'W-IU-500179', 'U719') ;
INSERT INTO "OT"."LINKS" (LINK_NO, ITEM_STOCK, FROM_ID, TO_ID)
VALUES (10, 100, 'U-GS-368677', 'U719') ;